"time","Price","Demand","Extraction","Rmax","X","Dcum","s1","s2","s3","s4","s5","s6","s7","s8","Recycling","f2","f9","f3","f13","f14","f8","semis"
0,3.24,5.2,3.979,0.92,0,0,0.365045871559633,0.457767857142857,0.0506014354740974,72.4,1,50,20,39.5,0.92,5.127,1.95195122183523,1.01528701137783,0.510715381581503,0.409284618418497,5.31571298862217,6.331
1,1.75351428377444,5.46707734008554,4.01909916448198,0.922311962252785,3.99776343103455,0.0331473971259413,0.395957175531302,0.442002409846314,0.0436559816881454,74.9615925474194,0.663820466758379,50.2033518738228,20.1299139019427,40.8977368431757,0.922311133912408,4.95042699027872,2.02101342767472,0.875930707531234,0.5119983507532,0.410312783159208,4.58608864978777,5.46201935731901
2,1.62810133238736,5.79214302110548,4.06790473595166,0.925125902154471,8.04113178413047,0.0672141186461452,0.400526165022319,0.446641596014049,0.044083504078656,77.4918594789962,0.638735010727676,50.4141629746203,20.2611838035573,42.0501402971575,0.925124993172843,5.00238587535735,2.08923107447942,0.884508684145768,0.513560395542233,0.411564597630611,4.63100014889589,5.51550883304165
3,1.99153383787449,6.17860048337769,4.12592770910932,0.931816657881784,12.1366061773328,0.102186369647136,0.405835208839561,0.452101519236256,0.0446006920326846,80.0020124965399,0.66366116869881,50.6299522083052,20.3939239553471,43.2157477231592,0.931815820514931,5.06353701544607,2.15690643704279,0.894885745730021,0.517274643845613,0.414541176669317,4.68533107249579,5.58021681822581
4,2.84053558569136,6.60403715271402,4.18980304564596,0.943843686941989,16.2950049381742,0.138064589261459,0.411851251642589,0.458579339684021,0.0452316905467139,82.5042730375887,0.695488880505752,50.8519835694567,20.528470737203,44.434477006765,0.943842935676639,5.13608860446103,2.22436901329211,0.907546346945979,0.523951201138153,0.419891734538486,4.75161786782877,5.65916421477475
5,4.0203209618804,7.02601339742984,4.25315883179359,1.05440776201333,20.516005569712,0.174856592019742,0.417750698906977,0.469728547014328,0.0467106304579929,85.0395182925361,0.700691544928042,51.0802826379364,20.6654747102677,45.6944070790399,1.05440693996737,5.26095972656047,2.29272087894192,0.9372203763181,0.585328089877848,0.469078850089521,4.90698144639369,5.84420182271179
6,4.98177661286862,7.41776119209551,4.31197609893571,1.28181540892542,24.7998585147817,0.212589947067556,0.423387928881715,0.487321337938865,0.0492876882091986,87.7200262585787,0.647170345222248,51.3148628040631,20.8068423617199,46.9117850062182,1.28181418634039,5.45799898491529,2.36498912202832,0.988927471934174,0.71156763184067,0.57024655449972,5.17770300265322,6.16663047458739
7,5.25745816742611,7.84125455088776,4.37555966571876,1.55166782107929,29.1414553541255,0.251313689174745,0.429167894695541,0.507741729080351,0.0523124897736047,90.6255466183133,0.551285568860161,51.55503475178,20.9539736862156,47.9884940892571,1.55166579572504,5.68670736569993,2.44332384600969,1.04961827470614,0.861369118424652,0.690296677300387,5.49546033133906,6.5450786060452
8,5.490857053208,8.36505742120426,4.4542037672517,1.74585729150291,33.5560553531346,0.291081892413056,0.436471435360209,0.526307955265853,0.0548453732941221,93.7517736038363,0.466357722403215,51.8024200734428,21.1071386317751,48.8930738298058,1.74585437246705,5.89464909897756,2.52760896457497,1.10043904126385,0.969168132630699,0.776686239836347,5.76154135656162,6.86198039782547
9,6.09799649545553,8.82749959210909,4.59306648789421,1.79558608836048,38.0834398653134,0.3319347828316,0.449015350294677,0.541678148943648,0.0564468548270014,97.0041350756567,0.447542251571009,52.0612721215437,21.2653110929168,49.6995193508213,1.79558292409806,6.06679526816886,2.61529475116018,1.13257179370575,0.996773715480402,0.798809208617654,5.92977801043527,7.06234980414102
10,6.96798537939675,9.23700596809571,4.69773801879142,1.83557560213879,42.7314135272653,0.373895562121082,0.45878698752012,0.553554542639232,0.057685504317316,100.308586998232,0.471113109114018,52.3334056257107,21.4275026137248,50.5202977480011,1.83557257391391,6.1998108775594,2.704384930273,1.15742454200001,1.01897298642063,0.816599587493273,6.05989892740779,7.21732346940781
11,7.45335107472858,9.75349222903542,5.04426873954971,1.94395544159425,47.5709008748959,0.41698765834081,0.487530092192101,0.584126820688207,0.0608751908712636,103.724127605146,0.47764805513194,52.6246119588807,21.5950687306812,51.3733399198354,1.94395229326912,6.54222039170791,2.79647013277151,1.22142366175319,1.07913732307954,0.864814970189582,6.39497752914295,7.61640119089614
12,6.40406387733913,10.4202943791957,5.71843524171548,2.09172227469771,52.9318439140512,0.461292422148138,0.547359585612261,0.648555517511648,0.067277483673076,107.553593054478,0.461655655020502,52.9725999991266,21.7771029853381,52.2158223699196,2.0917187309218,7.26382179613045,2.89971501899803,1.34988177097117,1.16116622806946,0.93055250285234,7.06754246104054,8.4174242320117
13,4.47088577816382,10.9011934115505,6.46505178427586,2.17137204668384,59.031422243292,0.506980336616538,0.616637271236729,0.722673614277993,0.0742794778605983,112.01473629325,0.455381150278817,53.405458439956,21.9809186065121,53.0277722070333,2.17136830283591,8.09394447991352,3.01999035043038,1.49037252356994,1.20538172971394,0.965986573121972,7.80310640503028,9.29347892860023
14,2.76436657293262,11.0478424030167,6.97372638409168,2.17288110680933,65.7834312098723,0.554238278875569,0.666606574771633,0.775322048537761,0.0790202767265288,116.969778984205,0.507853604953308,53.915881583369,22.204158360016,53.8839866543559,2.17287787977357,8.68360694362292,3.15358153323227,1.58549376799784,1.20621973423757,0.966658145535998,8.30113034193958,9.88662410993742
15,1.96143691815597,11.4145674905358,7.11499302135965,2.17923017585375,72.8442740302126,0.603188161719129,0.681949444224146,0.793592597848104,0.0807026383942496,122.121747258575,0.57856702851744,54.4643958731668,22.4379462131794,54.8555999612356,2.17922756207582,8.88823709589877,3.29248195820482,1.61924933112907,1.20974460425922,0.969482957816601,8.47786350543336,10.0971128365624
16,1.93555475888742,12.0203992804671,7.23833342955888,2.18971897453797,80.0117093711368,0.653864099971822,0.692764892001787,0.804202244014008,0.0816945530983905,127.248540118828,0.64989123160396,55.0231795647354,22.6752227927237,55.9557650190622,2.18971690613862,9.00706513295689,3.43070363759248,1.639151496079,1.21556750573267,0.974149400405954,8.58206477614842,10.2212162722274
17,2.11403970011099,12.5774524848015,7.51098165100398,2.19935954685756,87.3755788879959,0.706274519533082,0.716940457683924,0.827222567228612,0.0837882120208504,132.391341761137,0.721271991788608,55.6007465238994,22.9173261530571,57.1840818466594,2.19935797172875,9.26489275296045,3.56935692418587,1.68115948834865,1.22091950626714,0.978438465461611,8.80200497791526,10.4831644662639
18,2.26463995822797,13.1658478262348,7.87308091725263,2.22886846350907,95.0618138189314,0.760458192872021,0.749933819589169,0.860386466147088,0.0868775600161892,137.664123844716,0.791612807963177,56.2125121112397,23.167920461124,58.5414037003025,2.22886732186613,9.63632842084739,3.71151456825373,1.74314537598022,1.23730089650153,0.991566425364606,9.1265429502343,10.8696883262145
19,2.29938301404028,13.6115336433793,8.07811221013059,2.33838672629435,103.071202571301,0.816485887854973,0.771900573179227,0.890868396200024,0.0901099929201957,143.155659453537,0.830115123586458,56.8607356912171,23.4290240508262,59.9997185247235,2.33838577197501,9.97772603744026,3.85956995004086,1.80800217523581,1.29809737154236,1.04028840043264,9.46611208323791,11.2741142584737
20,2.30335629550359,13.8997201154491,8.16099466425287,2.42576110526415,111.188962043334,0.874418208967788,0.779600940266332,0.903496923590111,0.0916316767467047,148.725514372139,0.859214670771716,57.5200570567671,23.6958279410503,61.5126153536044,2.42576029848062,10.1191655442092,4.00973687150235,1.83853383525698,1.34660119180847,1.07915910667215,9.62596593729094,11.4644997725479
21,2.31340946978934,14.0786699469671,8.21472978679705,2.4417037079871,119.382695794246,0.934267199843088,0.785430595541718,0.910974478939334,0.0923789554522937,154.268756431364,0.915210670104898,58.1850960525303,23.9658259094869,63.0981706010464,2.44170323379906,10.2029141641205,4.15918629291716,1.85352752775909,1.35545152038965,1.08625171340941,9.70446804072344,11.5579955684825
22,2.32505368965915,14.3162662997368,8.28607552672265,2.44512551554464,127.624196124856,0.996023208265998,0.791582507439087,0.916596422752657,0.0928931662362726,159.714919431679,0.990406357390309,58.8522072412672,24.2373705069044,64.8056123446461,2.44512546387977,10.2658799348298,4.30601839958537,1.86384485423792,1.35735128728261,1.08777417659715,9.75848621071557,11.6223310649535
23,2.46620493691347,14.904690908253,8.46275596853838,2.45296742601924,135.989889482432,1.05967507522367,0.807282346481208,0.931536011181317,0.0942581924492261,165.109804493355,1.06775138972879,59.5293782039409,24.5119084379378,66.6517103914713,2.45296777848445,10.4332033252308,4.45146801958258,1.89123327457061,1.36170475543023,1.09126302305421,9.90188308280077,11.7931163573714
24,2.82676471674658,15.6071241858422,8.6360925077649,2.46314681366564,144.543070030513,1.12523602767473,0.823681841930495,0.948539585419797,0.0958264001139459,170.525785479489,1.14446614583295,60.2251302056161,24.7916806971952,68.636138706615,2.46314754219086,10.6236433567017,4.5974863994627,1.92269840709532,1.36735580097994,1.09579174121092,10.0666242956558,11.9893227027511
25,3.20280150584794,16.2323325329845,8.90841473175808,2.54073896834958,153.312618090157,1.19273094045503,0.848497353835606,0.975806042556168,0.0985969057787481,175.99914789791,1.2037525792586,60.9418866921871,25.0774754739321,70.7481392638972,2.54074000109096,10.9290276766291,4.74505182018348,1.97828691738299,1.4104293469093,1.13031065418166,10.357667678308,12.335954595691
26,3.38160068258456,16.8857083509905,9.12783933780205,2.73846100376964,162.340599780106,1.26221335793842,0.869992404459778,1.00822160299083,0.102374184544574,181.677078439733,1.21166299941245,61.6859266465452,25.3725922338016,72.9239529705353,2.73846215619527,11.2920819534973,4.89813253093773,2.05407571731257,1.52018994026932,1.21827221592595,10.7544732157206,12.8085489330332
27,3.56627003833285,17.6812525938346,9.24442869502642,2.93266848895174,171.526708517407,1.33375521883087,0.881426122659071,1.03129382842558,0.105312122780669,187.564969563885,1.18717057961154,62.4459701867189,25.6762079448503,75.0740180092135,2.93266959183764,11.5504908783665,5.05687391593524,2.11302366025906,1.62799942353025,1.30467016830739,11.0631054965059,13.1761291567649
28,4.01954618594917,18.5165185675677,9.36741901594157,3.01692840811145,180.833161680699,1.40740010943416,0.893165324411109,1.04809745841778,0.107197069913216,193.540342329476,1.20089289196161,63.2162108763152,25.9856668921577,77.2076037865847,3.0169296186826,11.7386915342791,5.2179738630446,2.15084397746703,1.67477430588046,1.34215531280214,11.2611203919623,13.4119643694293
29,4.65664141223295,19.2031353068888,9.46758616655151,3.10136958624319,190.252582158804,1.48316431532316,0.903000600031361,1.06228566455541,0.108837339437049,199.524882239701,1.245824682704,63.9959776738354,26.2995632424848,79.4024614588188,3.10137108039886,11.8975994430205,5.3793209623524,2.18375498734459,1.72164990733885,1.37972117306001,11.4334317489621,13.6171867363067
30,5.11654444378745,19.6654791761813,9.54275003687547,3.3116657798805,199.759368620831,1.56106238901649,0.910464709479445,1.0807284015051,0.111413698003238,205.564552501497,1.25227957095585,64.7822295830149,26.6182672408945,81.651785583384,3.31166741286357,12.1041580968572,5.54215441189653,2.23544805423877,1.83839074612136,1.47327666674221,11.7040798553908,13.9395279096296
31,5.01275472778643,20.0509692715869,9.74082725350076,3.5905990272846,209.379629891214,1.64112860355659,0.927100608219997,1.11044460748777,0.115297053887213,211.768367465534,1.20779932632626,65.5766709887561,26.9437468257025,83.862489468519,3.59060051317908,12.436979603863,5.70941330967403,2.31336522699517,1.99323359912499,1.59736691405409,12.11202886155,14.4253940885452
32,4.36585651409474,20.483232959434,10.2213736011508,3.77897555905141,219.338827570287,1.72343107745823,0.969473843304283,1.16104913685149,0.120657723866071,218.294325229256,1.17100270449386,66.4041151825987,27.2813214231112,85.9868663050906,3.77897686662579,13.0037503327367,5.88535738744397,2.42092380810703,2.09780610046355,1.68117076616224,12.6751706532274,15.0960944613344
33,3.65108979706378,21.0675065921831,10.6818194305021,3.79236694381077,229.811630647595,1.80807853010214,1.01403432600108,1.20812898867827,0.12494944207839,225.170469662807,1.21996371722709,67.2879483188235,27.6345139461549,88.116958771835,3.79236859650313,13.5310446731966,6.07074272623656,2.50703452248967,2.10524019006609,1.68712840643704,13.1260183817748,15.6330529042644
34,3.41410834143972,21.8219890464479,10.8928867183926,3.80476611928093,240.614299441174,1.89516233853045,1.03558975924311,1.23220636721125,0.127173975708554,232.195350656626,1.31095401638793,68.2089939075305,27.9982914524865,90.3839920257871,3.80476837728047,13.800711312766,6.26013809970524,2.55166843613099,2.11212362351308,1.69264475376739,13.3597070548469,15.9113754909779
35,3.54389981182173,22.639291743279,11.1048776965469,3.81884155805921,251.597121740568,1.9847182285621,1.05423658574072,1.25030722200811,0.128849218501545,239.209070773284,1.40755908977816,69.1468661592334,28.3675740231315,92.8213554971644,3.81884441957021,14.0034408864908,6.44923256864614,2.58528116337267,2.11993759232739,1.69890682724283,13.5356923760214,16.1209735393941
36,3.75066017311113,23.5889155653346,11.5838019762636,3.82820217694771,262.92018088179,2.07676903534588,1.09644267103598,1.2899997097132,0.132426600862862,246.296516342814,1.50575520775224,70.1173836520087,28.7451405895516,95.4331621307513,3.82820561134163,14.4479967487879,6.64031472388281,2.65705916358448,2.12513422779216,1.70307138354946,13.9114986689685,16.568557832553
37,3.77155584126283,24.4739653578684,12.2015589615746,3.90247810304106,274.813477970674,2.17139272818627,1.15349445690196,1.34928811153639,0.138050512247118,253.673754318468,1.59465162165928,71.1487597441671,29.1378142015855,98.2196873376462,3.90248209472324,15.1120268492075,6.83920987140141,2.769899523311,2.16636699143648,1.73611510328676,14.5022941377542,17.2721936610652
38,3.59290867279488,25.3468938433086,12.6143847016116,4.0200015131198,287.254148894919,2.26872293647857,1.19496486931942,1.40000299736855,0.143135271549302,261.449014965484,1.65052520920468,72.2415493078701,29.5480623555772,101.131586044641,4.02000592846156,15.6800335705277,7.04883596974436,2.87192212458942,2.23160745838495,1.78839847007662,15.0364513373157,17.9083734619051
39,3.71699431477937,26.4969315754064,12.8604723811165,4.04967640709331,299.96927054592,2.368864879475,1.21712979317257,1.42361659838767,0.145384182806184,269.370314831607,1.72924569088689,73.3633993637035,29.9685633751148,104.156166893265,4.04968126859819,15.9445059019419,7.26239938068639,2.91704516047687,2.24808099388651,1.80160027471168,15.2727008955834,18.1897460560603
40,4.07257814993777,27.4649721052314,13.148722838235,4.0563313601783,312.990858153586,2.47185583510677,1.24555927798696,1.45320510203438,0.14807010436607,277.342935786372,1.8370434518785,74.5149373388101,30.3973957575451,107.353270563735,4.05633676733324,16.2758971427851,7.47734644165161,2.97093654216954,2.25177563038226,1.80456113695098,15.5548586642028,18.5257952063723
41,4.37549273941856,28.1244227037839,13.3465395272642,4.13307990313375,326.235886559015,2.57773178838368,1.26428524034483,1.47518503176678,0.150366837504597,285.33311298924,1.93914177172011,75.6880172341229,30.8333386087251,110.748122120778,4.13308590259409,16.5220723557879,7.69276683051651,3.01701909501216,2.2943810259266,1.83870487666749,15.796131941561,18.8131510365732
42,4.5157613627538,28.9745455737973,13.5615590733451,4.34395782904644,339.694462383301,2.68652654562986,1.28498671084952,1.5070993121168,0.154156907786221,293.436272114591,1.97411124409753,76.8799648288792,31.2775023706309,114.267257411831,4.34396430478702,16.8795122957081,7.91123328570235,3.09306454892249,2.4114449864084,1.93251931837862,16.194281235846,19.2873457847685
43,4.73243306070144,30.2081660916399,13.7831761827688,4.51443034022365,353.350441211186,2.79829578609421,1.30489633241801,1.53578927345988,0.157482280019844,301.692592931589,1.99242757164431,78.0890850638506,31.7306288132235,117.822658220968,4.51443716148214,17.2008398627507,8.13382907999243,3.15978611927245,2.50607880168703,2.00835835979511,16.5436137045528,19.7033998238252
44,5.20751992792686,31.6497108972688,14.0716759145012,4.58476417245189,367.285714056401,2.91308688772949,1.3325374296579,1.56769841634646,0.160657518807396,310.073168753871,2.05189763055223,79.3240185647923,32.1931509346503,121.442912982897,4.58477139554726,17.5582222630804,8.3597748702685,3.22349535338449,2.54512312254444,2.03964827300283,16.8771745592365,20.100669912621
45,5.94812179672508,33.1507754046131,14.3225850917742,4.69661548354471,381.467624240161,3.03094362382615,1.35523565857273,1.5950584831127,0.163590565078491,318.524394418079,2.12876708444879,80.5822409990413,32.6640707640109,125.196737706736,4.69662326146701,17.8646550108622,8.58762542636317,3.28234514203005,2.60721493600509,2.08940832546191,17.1852929359864,20.4676380780164
46,6.66428242233258,34.7951652341247,14.7528992252544,4.94820216135942,396.007461813398,3.15191641872451,1.39517863844173,1.64668154969814,0.169310858786515,327.191153346559,2.1556726373585,81.8742408344138,33.1466363423737,129.050086252524,4.94821049214989,18.4428333566192,8.82128689984107,3.39711935443349,2.74687740178688,2.20133309036301,17.7862134292013,21.1833327836348
47,7.15326423887184,36.0518824333694,15.0335553389344,5.32315603749243,410.888779420801,3.27611339309188,1.42170590845099,1.69366970807271,0.175179114189224,336.242899370222,2.11595136958477,83.2015062904763,33.6444187894528,132.890750457068,5.32316478255413,18.9691007304143,9.06532787650723,3.51486232820482,2.95502405776451,2.36814072478962,18.4026773925744,21.9175397207792
48,6.74908967532891,36.1964777381393,15.5221067657287,5.66525394841097,426.162434350483,3.40365052885553,1.46641758955248,1.75590208174861,0.182265830490368,345.721989556932,2.05447850683152,84.5661606526993,34.1582794213087,136.626705164418,5.66526288937981,19.6661033155844,9.3208903305381,3.65705297845928,3.14493141120558,2.52033147817423,19.1471414484993,22.8041944269586
49,5.68172523808818,36.8390766515058,15.9185458432277,5.88391675316621,441.898032189253,3.53466098457635,1.50500055622255,1.80865559916072,0.187983045738475,355.63636652167,2.0408938844999,85.9791580343214,34.6901057107038,140.288622834779,5.88392595367096,20.2569427106,9.58818840001401,3.77176542343776,3.26631683546345,2.61760911820751,19.7477385475415,23.5195039709793
50,5.49979258880986,38.4646896356975,16.1528385761181,5.90540826419291,457.941303151585,3.66924077532903,1.52821518737204,1.83455076361114,0.190410480554723,365.691962990585,2.12949288288118,87.4229827772388,35.2334646664604,144.014397609962,5.90541804837272,20.5469685524448,9.85929383943086,3.82047042591076,3.27824764344888,2.62717040492384,20.0027421192954,23.8232125452061
51,5.80914462241764,39.7592868236615,16.4397746122994,5.9276682480549,474.22056525217,3.80741297645389,1.55388025711198,1.85983516058976,0.192763843874253,375.702793038994,2.25915732103996,88.8868342879794,35.7837422327958,147.947561114407,5.92767883709564,20.8301537986053,10.1291923469526,3.86768922887524,3.29060517302163,2.63707366407401,20.2499644331954,24.1176536620706
52,6.07698515673707,40.9840466978541,17.0033059652605,5.94888447418684,490.917295820149,3.94920171376229,1.60386904680692,1.90734783068269,0.197087615710368,385.777053969899,2.39849863929578,90.3896022455477,36.3445009151167,152.123548824647,5.94889588154615,21.3622957036462,10.4008009924384,3.95444307971443,3.30238329362226,2.6465125879239,20.7041794153146,24.658622495029
53,5.99229187113312,42.3354548045412,17.8205350423584,6.12092602399135,508.315294631792,4.09469750355411,1.67821288718554,1.98758238839944,0.20501028370372,396.213172521853,2.49648133723654,91.9648306614679,36.9243696131023,156.524352420263,6.1209382984357,22.2609227500737,10.6821655554039,4.11340659198924,3.39788841165481,2.72304988678089,21.5364607283292,25.6498673203184
54,5.66714404654916,43.7963451948412,18.5497896486234,6.26284046544384,526.522352943879,4.24408137212543,1.74801715531745,2.06714219005311,0.212784846080836,407.234193830976,2.56856619720199,93.6283712991285,37.5295374389091,161.063073609218,6.26285341523368,23.1519925285949,10.9792994781969,4.2693984551978,3.47666909972835,2.78618431550532,22.353183452135,26.6225819073328
55,5.52248012998296,45.2365811016279,19.0233689018877,6.2764288422363,545.340848473944,4.39752491174618,1.79530754344768,2.1180219102705,0.217424573233398,418.599440275403,2.69739642075298,95.3583719492464,38.1542502532543,165.776525635425,6.27644249339304,23.7218453950296,11.2857139351535,4.36249175719997,3.48421274237781,2.79222975101523,22.8405897412543,27.2030814984542
56,5.69138674851389,46.8035567973712,19.4067924343309,6.29078483574375,564.523751624488,4.55511223457728,1.82951494257496,2.15118052432801,0.220446642650667,430.013203312535,2.85636795097188,97.1239750122267,38.7901793874197,170.75718661618,6.29079930772147,24.0932218724737,11.5934364310937,4.42312774110216,3.49218257488655,2.79861673283492,23.1580600561451,27.5811877972473
57,5.99902563972222,48.5532470597244,19.9317200143046,6.29908637769798,584.192789810953,4.71688949154226,1.87854485180976,2.19984179681638,0.224837216173411,441.521777604392,3.02093099007675,98.9361662061626,39.4388824320162,176.028334220381,6.29910164215835,24.6382281243435,11.9037151003005,4.51122192713416,3.49679141173432,2.80231023042403,23.6192925979433,28.1305145250774
58,6.36863036291804,50.1486400201284,20.2841384335312,6.39302303829261,604.332397146158,4.88293362749283,1.91428626455857,2.24235994820444,0.229069413819584,453.182868657539,3.16826835332916,100.796171056817,40.1018543003933,181.588000523756,6.39303919768145,25.1144314198898,12.2181057208685,4.59613839757584,3.54893853620586,2.84410066147559,24.0638876531506,28.6600260507264
59,6.42376725091698,50.004504417081,20.6606803128878,6.56807313377044,624.79137982345,5.05331323307023,1.94842542491589,2.28373371216439,0.233533970028161,464.947168354706,3.26904486542396,102.684366028196,40.776156049921,187.369053184572,6.5680901864206,25.5778175762411,12.5352789137955,4.68571700117999,3.64611378893426,2.92197639748634,24.5328921231625,29.2186091243425
60,5.74079063632963,50.7692419935975,21.0077987219227,6.77749756759601,645.631851820404,5.22809574193022,1.98193678345322,2.32908992019069,0.238527120584835,476.910545804517,3.3422388970942,104.60787167433,41.4641831977773,193.302777669431,6.77751549292156,26.0858071061357,12.8578193727794,4.78590152872447,3.76237109906737,3.01514439385419,25.0574257657277,29.8433272944521
61,5.79669216723112,53.3322209299478,21.4658619953284,6.87078514760568,666.855849125466,5.40735786268901,2.02381077341596,2.37520455920145,0.243072936834193,489.048066129272,3.43268497851993,106.565677513062,42.1655536420115,199.367835718565,6.87080372179214,26.6022910630562,13.185054837254,4.87711056559944,3.81415776581161,3.05664595598053,25.5349666547203,30.4120772203197
