"id","label","start","final","conv"
1,"centre",808.152035830364,808.152035830364,0
6,"lhs05",57945.9309163221,847.993608596381,1
5,"lhs04",11531.8638506565,884.397006427616,1
4,"lhs03",7490.77201097817,1258.90768253423,1
24,"lhs23",14649.2585346166,1857.47202005988,1
14,"lhs13",12847.917937195,1987.67652868514,1
18,"lhs17",18073.6531956804,2020.16133217692,1
21,"lhs20",13584.0929527589,2072.75633018777,1
19,"lhs18",5345.90018530832,2181.22114298499,1
23,"lhs22",10816.8416920419,3611.25995659056,1
22,"lhs21",39913.3216901844,3611.29316587912,1
10,"lhs09",22790.6890113329,3624.32935504011,1
2,"lhs01",1e+10,1e+10,9
3,"lhs02",1e+10,1e+10,9
7,"lhs06",1e+10,1e+10,9
8,"lhs07",1e+10,1e+10,9
9,"lhs08",1e+10,1e+10,9
11,"lhs10",1e+10,1e+10,9
12,"lhs11",1e+10,1e+10,9
13,"lhs12",1e+10,1e+10,9
15,"lhs14",1e+10,1e+10,9
16,"lhs15",1e+10,1e+10,9
17,"lhs16",1e+10,1e+10,9
20,"lhs19",1e+10,1e+10,9
25,"lhs24",1e+10,1e+10,9
