"param","offset","value_t","value","nll","conv","dnll"
"alpha3",-0.75,2.24894667639007,9.47774744162681,808.625502240229,1,0.762652552220402
"alpha3",-0.6,2.39894667639007,11.0115715216124,808.594917786218,1,0.732068098208742
"alpha3",-0.45,2.54894667639007,12.7936208600609,808.281217871334,1,0.418368183325015
"alpha3",-0.3,2.69894667639007,14.8640668037016,808.211487983528,1,0.34863829551955
"alpha3",-0.15,2.84894667639007,17.2695817987413,808.048744477087,1,0.185894789078475
"alpha3",0,2.99894667639007,20.0643914913747,807.958891778053,0,0.0960420900445342
"alpha3",0.15,3.14894667639007,23.3114970941851,807.915281452888,1,0.0524317648790884
"alpha3",0.3,3.29894667639007,27.0840955732852,807.920896484903,1,0.0580467968942457
"alpha3",0.45,3.44894667639007,31.4672296703682,807.925935546894,1,0.0630858588847332
"alpha3",0.6,3.59894667639007,36.5597049548292,808.002041182436,1,0.139191494426768
"alpha3",0.75,3.74894667639007,42.4763171205634,808.084590923583,1,0.221741235574427
"alpha8",-0.75,3.90444248333011,49.6224068797701,820.39726468392,1,12.5344149959109
"alpha8",-0.6,4.05444248333011,57.6530115195125,823.094722321594,1,15.2318726335851
"alpha8",-0.45,4.20444248333011,66.9832429797777,809.413365731101,1,1.5505160430921
"alpha8",-0.3,4.35444248333011,77.8234253828947,809.727029487752,1,1.86417979974306
"alpha8",-0.15,4.50444248333011,90.4179204962564,808.421408137364,1,0.558558449355473
"alpha8",0,4.65444248333011,105.050636188834,807.95937549846,0,0.0965258104514533
"alpha8",0.15,4.80444248333011,122.051426344579,807.895333165552,0,0.0324834775427689
"alpha8",0.3,4.95444248333011,141.80352650096,807.862849688009,0,0
"alpha8",0.45,5.10444248333011,164.752192828443,808.95165605732,1,1.0888063693111
"alpha8",0.6,5.25444248333011,191.414739192658,809.732265300647,1,1.86941561263836
"alpha8",0.75,5.40444248333011,222.392198556934,809.654837069772,1,1.79198738176297
"alpha9",-0.25,-3.86337680052692,0.0209969770729621,1071.23264117273,1,263.369791484719
"alpha9",-0.2,-3.81337680052692,0.0220735151080751,978.583666397082,1,170.720816709073
"alpha9",-0.15,-3.76337680052692,0.0232052484285389,904.126512559728,1,96.2636628717188
"alpha9",-0.1,-3.71337680052692,0.0243950069571481,851.094254289013,1,43.231404601004
"alpha9",-0.05,-3.66337680052692,0.0256457657099418,819.166187801572,1,11.3033381135635
"alpha9",-0.0246,-3.63797680052692,0.026305511460254,810.690749272945,0,2.82789958493652
"alpha9",-0.01968,-3.63305680052692,0.0264352534802922,809.742540210681,10,1.87969052267226
"alpha9",-0.01476,-3.62813680052692,0.0265656354039412,808.944819721482,0,1.081970033473
"alpha9",-0.00984,-3.62321680052692,0.0266966603872841,808.396744819172,0,0.533895131162694
"alpha9",-0.00492,-3.61829680052692,0.0268283316019706,808.068371104195,1,0.205521416185661
"alpha9",0,-3.61337680052692,0.0269606522352932,807.957862694447,0,0.0950130064381938
"alpha9",0.00492,-3.60845680052692,0.0270936254902645,808.042874379788,0,0.180024691778726
"alpha9",0.00984,-3.60353680052692,0.0272272545856949,808.342293179936,0,0.479443491926872
"alpha9",0.01476,-3.59861680052692,0.0273615427562701,808.860097578633,0,0.997247890623726
"alpha9",0.01968,-3.59369680052692,0.02749649325263,809.596944491038,0,1.73409480302905
"alpha9",0.0246,-3.58877680052692,0.0276321093414467,810.553637678035,0,2.69078799002659
"alpha9",0.05,-3.56337680052692,0.0283429544344094,819.098198224429,1,11.2353485364198
"alpha9",0.1,-3.51337680052692,0.0297961287827972,853.82540486087,1,45.9625551728609
"alpha9",0.15,-3.46337680052692,0.0313238089732524,913.486843466955,1,105.623993778946
"alpha9",0.2,-3.41337680052692,0.0329298150019842,999.447388908038,1,191.584539220029
"alpha9",0.25,-3.36337680052692,0.0346181627205956,1112.97624644215,1,305.113396754141
"c",-0.25,1.94049936269271,6.96222677903219,857.815293917954,1,49.9524442299452
"c",-0.2,1.99049936269271,7.31918777921169,852.585168044542,1,44.7223183565329
"c",-0.15,2.04049936269272,7.69445056123387,842.490014780993,1,34.6271650929845
"c",-0.1,2.09049936269271,8.08895347751944,827.452853240312,1,19.5900035523034
"c",-0.05,2.14049936269272,8.50368299084652,813.519117857965,1,5.65626816995632
"c",-0.0492,2.14129936269272,8.51048865914354,812.418832544933,1,4.55598285692383
"c",-0.03936,2.15113936269272,8.59464523888031,810.747863159453,1,2.88501347144438
"c",-0.02952,2.16097936269271,8.67963400701384,809.513908252539,1,1.65105856452976
"c",-0.01968,2.17081936269271,8.76546319269901,808.611120836554,1,0.7482711485452
"c",-0.00984,2.18065936269271,8.85214110646528,808.101374254199,0,0.238524566190563
"c",0,2.19049936269271,8.93967614102137,807.960063193883,0,0.0972135058739241
"c",0.00983999999999999,2.20033936269272,9.0280767720679,808.170347876176,1,0.307498188167187
"c",0.01968,2.21017936269272,9.1173515591181,808.798157203455,1,0.93530751544597
"c",0.02952,2.22001936269272,9.20750914632652,809.654391178641,1,1.79154149063197
"c",0.03936,2.22985936269271,9.29855826332608,810.95809773643,1,3.0952480484209
"c",0.0492,2.23969936269271,9.3905077260733,812.742823892977,1,4.87997420496777
"c",0.05,2.24049936269271,9.39802313801811,815.172874706607,1,7.31002501859768
"c",0.1,2.29049936269272,9.87987008807155,824.654090572514,1,16.791240884505
"c",0.15,2.34049936269271,10.3864218595397,840.677739556971,1,32.8148898689624
"c",0.2,2.39049936269272,10.9189450957022,852.503768758699,1,44.6409190706904
"c",0.25,2.44049936269271,11.4787713820284,872.062481679036,1,64.1996319910274
"C0",-0.25,-1.30580593572486,0.270954075456024,812.292341388016,1,4.42949170000702
"C0",-0.2,-1.25580593572486,0.284846187972206,813.768369700811,1,5.90552001280219
"C0",-0.15,-1.20580593572486,0.299450564328073,822.950103892602,1,15.0872542045936
"C0",-0.1,-1.15580593572486,0.314803723071592,816.306546489909,1,8.4436968018997
"C0",-0.0982,-1.15400593572486,0.315370880061279,809.3698876505,1,1.50703796249127
"C0",-0.07856,-1.13436593572486,0.321625988244301,809.313471230864,1,1.4506215428554
"C0",-0.05892,-1.11472593572486,0.328005161078992,809.599918116506,1,1.73706842849697
"C0",-0.05,-1.10580593572486,0.330944055096727,810.744838801163,1,2.88198911315465
"C0",-0.03928,-1.09508593572486,0.334510859280233,808.979878933609,1,1.11702924559995
"C0",-0.01964,-1.07544593572486,0.341145592369055,808.194263821012,1,0.331414133003022
"C0",0,-1.05580593572486,0.347911919640663,807.959893837314,0,0.0970441493050203
"C0",0.01964,-1.03616593572486,0.354812451151665,808.403554529913,1,0.540704841903789
"C0",0.03928,-1.01652593572486,0.36184984872688,808.957423995284,1,1.0945743072748
"C0",0.05,-1.00580593572486,0.365749745202927,811.649922817343,1,3.78707312933386
"C0",0.05892,-0.996885935724861,0.369026826986119,810.208642289727,1,2.34579260171824
"C0",0.07856,-0.977245935724861,0.376346154391322,812.043164015583,1,4.18031432757402
"C0",0.0982,-0.957605935724861,0.383810654314475,813.905695333927,1,6.04284564591819
"C0",0.1,-0.955805935724861,0.384502135638733,815.377797176222,1,7.51494748821358
"C0",0.15,-0.905805935724861,0.404215981691853,820.092487997017,1,12.2296383090079
"C0",0.2,-0.855805935724861,0.424940578245905,823.041043492948,1,15.1781938049394
"C0",0.25,-0.805805935724861,0.446727747587235,826.689834058814,1,18.8269843708048
"c1",-0.009851,-0.0755246768812848,-0.0755246768812848,829.060376103023,1,21.1975264150143
"c1",-0.0078808,-0.0735544768812847,-0.0735544768812847,821.749329221799,1,13.8864795337903
"c1",-0.0059106,-0.0715842768812848,-0.0715842768812848,815.823757339015,1,7.96090765100655
"c1",-0.0039404,-0.0696140768812848,-0.0696140768812848,811.42850050649,1,3.56565081848146
"c1",-0.0019702,-0.0676438768812848,-0.0676438768812848,808.942016860615,1,1.07916717260582
"c1",0,-0.0656736768812848,-0.0656736768812848,807.955629609924,0,0.0927799219149392
"c1",0.0019702,-0.0637034768812847,-0.0637034768812847,808.996903452456,1,1.13405376444666
"c1",0.0039404,-0.0617332768812848,-0.0617332768812848,811.943172205907,1,4.08032251789848
"c1",0.0059106,-0.0597630768812848,-0.0597630768812848,816.478122350083,1,8.61527266207418
"c1",0.0078808,-0.0577928768812848,-0.0577928768812848,822.878731299247,1,15.0158816112381
"c1",0.009851,-0.0558226768812848,-0.0558226768812848,830.792593454424,1,22.9297437664154
"eps_P",-1.5,-13.9308347769063,8.91077192962895e-07,807.951311637432,0,0.0884619494235039
"eps_P",-1.2,-13.6308347769063,1.20282839715107e-06,807.951581225498,0,0.0887315374894797
"eps_P",-0.9,-13.3308347769063,1.62364850589689e-06,807.951892618976,0,0.089042930967139
"eps_P",-0.6,-13.0308347769063,2.19169623609254e-06,807.954428807779,0,0.0915791197702447
"eps_P",-0.3,-12.7308347769063,2.95848046782068e-06,807.955512734485,0,0.0926630464757636
"eps_P",0,-12.4308347769063,3.99353091652933e-06,807.955330592695,0,0.0924809046861128
"eps_P",0.3,-12.1308347769063,5.39070288100418e-06,807.952087344114,0,0.0892376561055244
"eps_P",0.6,-11.8308347769063,7.27668776294882e-06,807.949317036273,0,0.0864673482642502
"eps_P",0.9,-11.5308347769063,9.822501066797e-06,807.948806945364,0,0.085957257355517
"eps_P",1.2,-11.2308347769063,1.32589895774406e-05,807.949475960175,0,0.0866262721659723
"eps_P",1.5,-10.9308347769063,1.78977638606666e-05,807.949825887757,0,0.0869761997481646
"gamma",-0.25,-0.0285983507539317,0.492850899555192,833.588776502179,1,25.7259268141701
"gamma",-0.2,0.0214016492460683,0.505350208099828,824.393576077084,0,16.530726389075
"gamma",-0.15,0.0714016492460683,0.517842832434864,817.190827284884,0,9.32797759687526
"gamma",-0.1,0.121401649246068,0.530313190892479,812.051337984996,0,4.18848829698709
"gamma",-0.05,0.171401649246068,0.542745812771716,808.976785616788,0,1.11393592877869
"gamma",0,0.221401649246068,0.555125414762503,807.956788698693,0,0.0939390106841529
"gamma",0.05,0.271401649246068,0.567436975398942,808.956205165669,0,1.09335547766057
"gamma",0.1,0.321401649246068,0.579665806779289,811.911539019566,1,4.04868933155706
"gamma",0.15,0.371401649246068,0.591797622838722,816.776149311768,0,8.91329962375926
"gamma",0.2,0.421401649246068,0.603818603521603,823.446792085132,0,15.5839423971235
"gamma",0.25,0.471401649246068,0.615715454270881,831.84135516685,0,23.9785054788416
"k_E",-0.25,-1.29051667149447,0.275128595258232,1147.92220365388,1,340.059353965874
"k_E",-0.2,-1.24051667149447,0.289234739981517,1005.79370977931,1,197.9308600913
"k_E",-0.15,-1.19051667149447,0.304064122210403,914.614079312378,1,106.751229624369
"k_E",-0.1,-1.14051667149447,0.319653823124744,863.695901065538,1,55.833051377529
"k_E",-0.05,-1.09051667149447,0.336042825097137,830.214292498262,1,22.3514428102536
"k_E",-0.0123,-1.05281667149447,0.348953476265766,809.688802000905,0,1.82595231289622
"k_E",-0.00984,-1.05035667149447,0.349812958547149,809.059181843925,0,1.19633215591602
"k_E",-0.00738,-1.04789667149447,0.3506745577577,808.569153586739,0,0.706303898730198
"k_E",-0.00492,-1.04543667149447,0.351538279111474,808.222369361633,0,0.35951967362405
"k_E",-0.00246,-1.04297667149447,0.352404127835372,808.018502654229,0,0.155652966219691
"k_E",0,-1.04051667149447,0.353272109169164,807.960063193883,0,0.0972135058739241
"k_E",0.00246,-1.03805667149447,0.354142228365531,808.046783665674,0,0.183933977665561
"k_E",0.00492,-1.03559667149447,0.355014490690087,808.29885204701,0,0.436002359000781
"k_E",0.00738,-1.03313667149447,0.355888901421419,808.713205240653,0,0.850355552644032
"k_E",0.00984,-1.03067667149447,0.356765465851113,809.322408860848,0,1.45955917283868
"k_E",0.0123,-1.02821667149447,0.357644189283789,810.177870488571,10,2.31502080056191
"k_E",0.05,-0.990516671494471,0.371384757525338,832.206948293356,1,24.3440986053471
"k_E",0.1,-0.940516671494471,0.390426061221006,862.256371539313,1,54.3935218513037
"k_E",0.15,-0.890516671494471,0.410443633433579,865.313176323846,1,57.450326635837
"k_E",0.2,-0.840516671494471,0.431487528520278,855.743966261258,1,47.8811165732495
"k_E",0.25,-0.790516671494471,0.453610367180093,887.642556125902,1,79.7797064378935
"n",-1.5,-14.530745667948,4.89077111366311e-07,807.957884387065,0,0.0950346990562139
"n",-1.2,-14.230745667948,6.60185046361646e-07,807.957591714245,0,0.0947420262359628
"n",-0.9,-13.930745667948,8.91156599461238e-07,807.957782678295,0,0.094932990286452
"n",-0.6,-13.630745667948,1.20293558471223e-06,807.957675327732,0,0.0948256397231262
"n",-0.3,-13.330745667948,1.6237931939704e-06,807.959040197949,0,0.0961905099401292
"n",0,-13.030745667948,2.19189154456291e-06,807.95934129618,0,0.0964916081712772
"n",0.3,-12.730745667948,2.95874410667962e-06,807.959836189662,0,0.0969865016534186
"n",0.6,-12.430745667948,3.99388679176507e-06,807.960001771099,0,0.0971520830898953
"n",0.9,-12.130745667948,5.39118326232555e-06,807.960411012495,0,0.0975613244859233
"n",1.2,-11.830745667948,7.27733620990646e-06,807.961285537844,0,0.0984358498352549
"n",1.5,-11.530745667948,9.82337637863402e-06,807.962013521081,0,0.0991638330721116
"phi",-0.25,-0.632718186890388,0.531146082711876,850.961298970646,1,43.0984492826368
"phi",-0.2,-0.582718186890388,0.558378524708344,835.452308924815,1,27.5894592368057
"phi",-0.15,-0.532718186890388,0.587007203862968,832.097976862718,1,24.2351271747096
"phi",-0.124,-0.506718186890388,0.602469530373462,817.540483392193,1,9.67763370418368
"phi",-0.1,-0.482718186890388,0.617103706785647,847.30573548779,1,39.4428857997814
"phi",-0.0992,-0.481918186890388,0.617597587276931,814.709804607358,1,6.84695491934906
"phi",-0.0744,-0.457118186890388,0.633105510869315,811.572350812534,1,3.70950112452488
"phi",-0.05,-0.432718186890388,0.648743290410255,820.829922854003,1,12.9670731659945
"phi",-0.0496,-0.432318186890388,0.649002839632803,811.168460612336,1,3.30561092432731
"phi",-0.0248,-0.407518186890388,0.665299351561618,808.427045618069,1,0.564195930060464
"phi",0,-0.382718186890388,0.682005070176178,807.959184552695,0,0.0963348646862414
"phi",0.0248,-0.357918186890388,0.699130270688285,808.517638225634,1,0.654788537625564
"phi",0.0496,-0.333118186890388,0.716685486321106,810.042438600052,1,2.17958891204341
"phi",0.05,-0.332718186890388,0.716972217858118,810.173417350232,1,2.31056766222343
"phi",0.0744,-0.308318186890388,0.734681514787866,812.715725992155,1,4.85287630414609
"phi",0.0992,-0.283518186890388,0.753129424933211,816.499766308279,1,8.63691662027031
"phi",0.1,-0.282718186890388,0.753732169538854,816.874356411286,1,9.01150672327674
"phi",0.124,-0.258718186890388,0.77204056354134,821.193239739662,1,13.3303900516534
"phi",0.15,-0.232718186890388,0.79237684424499,828.584951302304,1,20.7221016142955
"phi",0.2,-0.182718186890388,0.833002873792405,842.13379438628,1,34.2709446982716
"phi",0.25,-0.132718186890388,0.87571184441612,849.128347245315,1,41.2654975573064
"z_R",-1,-4.45845747447339,0.0115802122907199,810.578282490714,0,2.71543280270532
"z_R",-0.8,-4.25845747447339,0.0141441032319655,809.955075740496,0,2.09222605248681
"z_R",-0.6,-4.05845747447339,0.0172756466992249,809.310892879587,0,1.44804319157788
"z_R",-0.4,-3.85845747447339,0.0211005225274339,808.685748029329,0,0.822898341320524
"z_R",-0.2,-3.65845747447339,0.0257722364136285,808.182633888842,0,0.319784200833624
"z_R",0,-3.45845747447339,0.0314782806395619,807.956501039454,0,0.0936513514450326
"z_R",0.2,-3.25845747447339,0.0384476587953007,808.260086811749,0,0.397237123739728
"z_R",0.4,-3.05845747447339,0.0469600764973815,809.508381524066,0,1.64553183605699
"z_R",0.6,-2.85845747447339,0.0573571669573143,812.34290834179,1,4.48005865378082
"z_R",0.8,-2.65845747447339,0.070056201921917,817.732941140277,0,9.87009145226853
"z_R",1,-2.45845747447339,0.0855668382536552,826.988524793045,1,19.1256751050365
